USE DB84;

INSERT INTO category(catcode, title, description)
VALUES
    (1, 'Τυριά', 'Διάφορα είδη τυριών'),
    (2, 'Λαχανικά', 'Φρέσκα και υγιεινά λαχανικά'),
    (3, 'Καφές και Τσάι', 'Είδη καφέ και τσαγιού'),
    (4, 'Γάλα και Γιαούρτια', 'Φρέσκα γαλακτοκομικά προϊόντα'),
    (5, 'Καθαριστικά', 'Προϊόντα καθαρισμού για το σπίτι'),
    (6, 'Κρέας / ψάρια', 'Φρέσκα κρεατικά και ψάρια για μαγείρεμα'),
    (7, 'Αρτοποιείο', 'Ψωμί και αρτοποιεία προϊόντα'),
    (8, 'Είδη Ομορφιάς', 'Προϊόντα ομορφιάς και περιποίησης'),
    (9, 'Είδη Καθημερινής Χρήσης', 'Είδη καθημερινής χρήσης στο σπίτι'),
	(10, 'Γλυκά', 'Γλυκά για μικρούς και μεγάλους'),
    (11, 'Φρούτα', 'Φρέσκα και ώριμα φρούτα'),
    (12, 'Αναψυκτικά', 'Αναψυκτικά και αναψυκτικά ποτά');

INSERT INTO product(prcode, name, description, price, stock, catcode)
VALUES
    (1, 'Τυρί φέτα', 'Παραδοσιακός ελληνικός τυρί', 5.99, 100, 1),
    (2, 'Μαρούλι', 'Πρώτης ψυχρής έκθλιψης μαρούλι', 7.49, 120, 2),
    (3, 'Καρότα', 'Φρέσκα και τραγανά καρότα', 1.99, 80, 2),
    (4, 'Καφές φίλτρου', 'Εκλεκτός καφές για φίλτρο', 6.49, 50, 3),
    (5, 'Γάλα φρέσκο', 'Πλήρες γάλα από τοπικές φάρμες', 1.79, 150, 4),
    (6, 'Πετσέτες χεριών', 'Σετ 3 πετσετών για τα χέρια', 9.99, 40, 5),
    (7, 'Σαμπουάν', 'Σαμπουάν για καθημερινή χρήση', 5.29, 60, 5),
    (8, 'Σαπούνι υγείας', 'Σαπούνι με ενυδατικές ιδιότητες', 2.99, 80, 5),
    (9, 'Κοτόπουλο', 'Φρέσκο κοτόπουλο για ψήσιμο', 4.99, 30, 6),
    (10, 'Πετσέτα μπάνιου', 'Μεγάλη πετσέτα μπάνιου', 12.99, 20, 5),
    (11, 'Πατάτες', 'Πατάτες για τηγάνισμα', 2.49, 90, 7),
    (12, 'Τομάτες', 'Φρέσκες ντομάτες για σαλάτα', 3.99, 70, 2),
    (13, 'Χυμός πορτοκάλι', 'Φυσικός χυμός πορτοκαλιού', 2.99, 100, 11),
    (14, 'Τρυφεράκια', 'Γλυκά τρυφεράκια για επιδόρπιο', 4.49, 50, 10),
    (15, 'Καθαριστικό πιάτων', 'Υγρό καθαριστικό πιάτων', 1.49, 120, 5),
    (16, 'Κρέμα σώματος', 'Ενυδατική κρέμα σώματος', 3.79, 80, 8),
    (17, 'Γαρίδες', 'Φρέσκες γαρίδες για μαγείρεμα', 9.99, 25, 6),
    (18, 'Παγωτό βανίλια', 'Παγωτό βανίλιας με κομματάκια', 6.99, 40, 11),
    (19, 'Απορρυπαντικό ρούχων', 'Υγρό απορρυπαντικό ρούχων', 4.29, 60, 9),
    (20, 'Καλαμπόκι', 'Καλαμπόκι για βράσιμο', 1.29, 100, 7),
    (21, 'Ψωμί ολικής άλεσης', 'Ψωμί με ολική άλεση', 2.79, 50, 7),
	(22, 'Τυρί γκούντα', 'Αγελαδινό τυρί γκούντα', 6.49, 35, 1),
    (23, 'Παρμεζάνα', 'Φρέσκα τριμμένα παρμεζάνα', 8.99, 25, 1),
    (24, 'Φιλέτο σολομού', 'Φιλέτο σολομού φυσικού εκτροφής', 10.99, 20, 6),
    (25, 'Χυμός μήλου', 'Φυσικός χυμός μήλου χωρίς πρόσθετα', 3.49, 80, 11);

INSERT INTO geoArea(geocode, name, population) 
VALUES 
    (1, 'Αθήνα', 5000000),
    (2, 'Θεσσαλονίκη', 3000000),
	(3, 'Πάτρα', 300000),
    (4, 'Λάρισα', 200000),
    (5, 'Ηράκλειο', 100000),
    (6, 'Πύργος', 70000),
    (7, 'Καλαμάτα', 600000),
    (8, 'Βόλος', 95000);

INSERT INTO supplier(supcode, SSN, brand, phone, ZIP, city, number, street, geocode)
VALUES
    (1, '123456789', 'ΙΚΕ Παπαδόπουλος', '6912345678', '12345', 'Αθήνα', '12', 'Λεωφόρος Φωκά', 1),
    (2, '234567890', 'ΟΕ Σακελλαρίου & Υιός', '6923456789', '23456', 'Θεσσαλονίκη', '34', 'Λεκάκου', 2),
    (3, '345678901', 'ΑΕ Παπαναστασίου', '6934567890', '34567', 'Πάτρα', '56', 'Αριστοτέλους', 3),
    (4, '456789012', 'ΟΕ Μαρίνος & Σία', '6945678901', '45678', 'Λάρισα', '78', 'Λαρισέου', 4),
    (5, '567890123', 'ΑΕ Παπανικολάου', '6956789012', '56789', 'Ηράκλειο', '90', 'Δημιτρίου', 5),
    (6, '678901234', 'ΟΕ Σπανουδάκης', '6967890123', '67890', 'Πύργος', '123', 'Κακούλη', 6),
    (7, '789012345', 'ΑΕ Ανδριώτης & Υιός', '6978901234', '78901', 'Καλαμάτα', '234', 'Ιποκράτους', 7),
    (8, '890123456', 'ΟΕ Κουρής & Υιός', '6989012345', '89012', 'Βόλος', '345', 'Θήτα', 8),
    (9, '901234567', 'ΑΕ Ιωαννίδης', '6990123456', '90123', 'Αθήνα', '456', 'Ιώτα', 1);

INSERT INTO purchase(purcode, date, quantity, prcode, supcode) 
VALUES 
    (1, '2023-01-15', 10, 1, 1),
    (2, '2023-01-16', 15, 2, 2),
    (3, '2023-01-17', 8, 3, 3),
    (4, '2023-01-18', 20, 4, 4),
    (5, '2023-01-19', 12, 5, 5),
    (6, '2023-01-20', 5, 6, 6),
    (7, '2023-01-21', 18, 7, 7),
    (8, '2023-01-22', 14, 8, 8),
    (9, '2023-01-23', 7, 9, 9),
    (10, '2023-01-24', 25, 10, 4),
	(11, '2023-02-15', 100, 11, 4),
    (12, '2023-03-16', 15, 12, 4),
    (13, '2023-04-17', 800, 13, 4),
    (14, '2023-05-18', 20, 14, 4),
    (15, '2023-06-19', 102, 15, 6),
    (16, '2023-07-20', 5, 16, 6),
    (17, '2023-08-21', 18, 17, 6),
    (18, '2023-09-22', 14, 18, 6),
    (19, '2023-10-23', 7, 19, 7),
    (20, '2023-11-24', 25, 20, 9);

INSERT INTO customer(custcode, SSN, phone, brand, ZIP, city, number, street, geocode)
VALUES 
    (1, '723352289', '6912345678', 'Σουπερ Μάρκετ ΑΒΓΕ', '12345', 'Αθήνα', '10', 'Πειραιώς', 1),
    (2, '987654321', '6976543210', 'Καταστήματα ΖΥΧΑΣ', '54321', 'Θεσσαλονίκη', '25', 'Εγνατίας', 2),
    (3, '654321987', '6912345678', 'Υπεραγορά ΙΚΕ', '67890', 'Πάτρα', '15', 'Πανεπιστημίου', 3),
    (4, '789012345', '6976542210', 'Σούπερ Καλοκύρης', '45678', 'Λάρισα', '30', 'Αλεξάνδρου', 4),
    (5, '543210987', '6912343678', 'Μασουτακης Καλομοίρης', '98765', 'Ηράκλειο', '40', 'Χατζηγιάννη', 5),
    (6, '876543210', '6976546210', 'Κοτόπουλα Κωνσταντινίδης', '12345', 'Θεσσαλονίκη', '18', 'Μεγάλου Αλεξάνδρου', 6),
    (7, '210987654', '6912349678', 'Σούπερ Μάρκετ Παπαδόπουλος', '54321', 'Αθήνα', '22', 'Λεωφ. Αλεξάνδρας', 7),
    (8, '123456789', '6976548210', 'Καραμανλής', '67890', 'Πάτρα', '5', 'Δημοκρατίας', 6),
    (9, '987654321', '6912347678', 'ΑΒ Ντίνου', '45678', 'Λάρισα', '12', 'Καραολή & Δημητρίου', 8),
    (10, '654321987', '6912346678', 'Καλομοίρης ΟΕ', '98765', 'Ηράκλειο', '8', 'Πλατεία Ελευθερίας', 3),
    (11, '876543210', '6976545210', 'Κωνσταντινίδης ΕΠΕ', '12345', 'Θεσσαλονίκη', '31', 'Εγνατίας', 4),
    (12, '210987654', '6912344678', 'Σούπερ Παπαδόπουλος', '54321', 'Αθήνα', '16', 'Βενιζέλου', 2),
    (13, '123456789', '6976547210', 'Καταστήματα Καραμανλής', '67890', 'Πάτρα', '7', 'Κορομηλά', 1),
    (14, '987654321', '6912343678', 'Υπεραγορά ΑΒ Βασιλόπουλος', '45678', 'Λάρισα', '19', 'Βύρωνος', 3),
    (15, '654321987', '6912344678', 'ΝΙΚΟΛΑΣ ΑΡΤΕΜΗΣ ΟΕ', '98765', 'Ηράκλειο', '11', 'Μαρτυρών', 6),
    (16, '876543210', '6976547210', 'Κοτόπουλα Group', '12345', 'Θεσσαλονίκη', '28', 'Φωκά', 7),
	(17, '210987654', '6912343678', 'ΚΙΝΕΖΟΣ', '54321', 'Αθήνα', '16', 'Αλκυόνης', 3),
	(18, '123456789', '6976541210', 'Καταστήματα ΝΤΙΝΟΥ', '67890', 'Πάτρα', '7', 'Στράτου', 8),
	(19, '987654321', '6912342678', 'Υπεραγορά Σε Κρεας ΟΕ', '45678', 'Λάρισα', '19', 'Λεκός', 4),
    (20, '654321987', '6912344678', 'Γιαννης & Κωστακης ΙΚΕ', '98765', 'Ηράκλειο', '11', 'Ζαλου', 3),
    (21, '876543210', '6976547210', 'Κωνσταντινίδης ΟΕ', '12345', 'Θεσσαλονίκη', '28', 'Νικηφόρου', 2),
    (22, '210987654', '6912344678', 'Μάρκετ Νικηφόρου', '54321', 'Αθήνα', '16', 'Αθηνών', 5),
    (23, '123456789', '6976547210', 'Καταστήματα Στράτου', '67890', 'Πύργος', '7', 'Στράτου', 4),
    (24, '987654321', '6912342678', 'ΠΑΠΑΔΟΠΟΥΛΟΣ', '45678', 'Πύργος', '19', 'Νεου', 1),
    (25, '654321987', '6956343678', 'Λεκός & Υιός', '98765', 'Ηράκλειο', '11', 'Πεπου', 8),
    (26, '876543210', '6976544210', 'Κοτόπουλα Μάκη', '12345', 'Καλαμάτα', '28', 'Νικηφόρου Παπά', 2),
    (27, '210987654', '6912345678', 'Λεκάκος ΟΕ', '54321', 'Αθήνα', '16', 'Παππαδοπούλου', 7),
    (28, '123456789', '6976543210', 'Καραμανλής ΑΕ', '67890', 'Βόλος', '7', 'Στράνα', 6);

INSERT INTO regular(custcode, balance, creditlimit) 
VALUES 
    (1, 2000.00, 3000.00),
    (2, 1200.00, 3800.00),
    (3, 1500.00, 3500.00),
    (4, 800.00, 4200.00),
    (5, 3000.00, 2000.00),
    (6, 1500.00, 3500.00),
    (7, 1600.00, 3400.00),
    (8, 2500.00, 2500.00),
    (9, 1200.00, 2800.00),
    (10, 2000.00, 3000.00);

INSERT INTO payment(custcode, amount, paydate) 
VALUES 
    (1, 50.00, '2022/01/15'),
    (2, 120.00, '2022/03/16'),
    (3, 80.00, '2022/02/17'),
    (4, 25.00, '2022/05/18'),
    (5, 150.00, '2022/05/19'),
    (6, 70.00, '2022/01/20'),
    (7, 100.00, '2022/08/21'),
    (8, 200.00, '2022/01/22'),
    (9, 60.00, '2022/09/23'),
    (10, 180.00, '2023/01/24');

INSERT INTO orders(ordcode, orderDate, shipDate, custcode, prcode) 
VALUES 
    (1, '2021-05-15', '2021-05-20', 1, 1),
    (2, '2021-06-16', '2021-06-21', 2, 6),
    (3, '2021-07-17', '2021-07-22', 3, 3),
    (4, '2021-08-18', '2021-08-23', 4, 4),
    (5, '2021-09-19', '2021-09-24', 5, 5),
    (6, '2021-10-20', '2021-10-25', 6, 2),
    (7, '2021-11-21', '2021-11-26', 7, 7),
    (8, '2022-01-22', '2022-01-27', 8, 8),
    (9, '2022-02-23', '2022-02-28', 9, 10),
    (10, '2022-03-24', '2022-03-29', 10, 9),
	(11, '2022-04-15', '2022-04-20', 11, 11),
    (12, '2022-04-16', '2022-04-21', 12, 12),
    (13, '2022-05-17', '2022-05-22', 13, 13),
    (14, '2022-06-18', '2022-06-23', 14, 14),
    (15, '2022-07-19', '2022-07-24', 15, 15),
    (16, '2022-09-20', '2022-09-25', 16, 16),
    (17, '2023-01-21', '2023-01-26', 17, 17),
    (18, '2023-01-22', '2023-01-27', 18, 18),
    (19, '2023-01-23', '2023-01-28', 19, 19),
	(20, '2023-01-19', '2023-01-24', 20, 20),
    (21, '2023-01-20', '2023-01-25', 21, 21),
    (22, '2023-01-21', '2023-01-26', 22, 22),
    (23, '2023-01-22', '2023-01-27', 23, 23),
    (24, '2023-01-23', '2023-01-28', 24, 24);

INSERT INTO quantity(prcode, ordcode, quantity)
VALUES
    (1, 1, 1000),
    (2, 2, 150),
    (3, 3, 500),
    (4, 4, 250),
    (5, 5, 300),
    (6, 6, 800),
    (7, 7, 1200),
    (8, 8, 180),
    (9, 9, 50),
	(10, 10, 220);
